product_url,image_url,gender,sleeve_type
https://www.myntra.com/tshirts/nautica/nautica-pure-cotton-t-shirt/33907138/buy,"https://assets.myntassets.com/h_720,q_90,w_540/v1/assets/images/2025/AUGUST/20/AKi8g4Gd_b4426ebc53f34beab5545d21cf281571.jpg",male,full sleeve
https://www.myntra.com/tshirts/sztori/sztori-men-plus-size-typography-printed-regular-fit-t-shirt/27188114/buy,"https://assets.myntassets.com/h_720,q_90,w_540/v1/assets/images/27188114/2024/3/12/9d982aab-5869-440a-83c7-7f311b1eefc61710226999706-Sztori-Men-Tshirts-6131710226999386-1.jpg",male,full sleeve
https://www.myntra.com/tshirts/szn/szn-men-polo-collar-t-shirt/41210958/buy,"https://assets.myntassets.com/h_720,q_90,w_540/v1/assets/images/2026/APRIL/7/krCCCppK_3d9c6f4ef4164824ae3974bd41b1cadf.jpg",male,full sleeve
https://www.myntra.com/tshirts/highlander/highlander-men-printed-t-shirt/40015418/buy,"https://assets.myntassets.com/h_720,q_90,w_540/v1/assets/images/2026/FEBRUARY/16/Sf8Vpf6p_dff50a6e4b5a4beb9e7a1818f9e41228.jpg",male,full sleeve
https://www.myntra.com/tshirts/the+modern+soul/the-modern-soul-men-henley-neck-t-shirt/41121164/buy,"https://assets.myntassets.com/h_720,q_90,w_540/v1/assets/images/2026/APRIL/13/KuyUELWZ_f924dd38bc0544d5b8ae1d52c5e17955.jpg",male,full sleeve
https://www.myntra.com/tshirts/roadster/the-roadster-lifestyle-co-striped-polo-collar-t-shirt/27689268/buy,"https://assets.myntassets.com/h_720,q_90,w_540/v1/assets/images/27689268/2024/8/20/291917fa-2efb-4ef1-bcf5-d9c5f49b2c541724142894063-Roadster-Men-Tshirts-7071724142893590-1.jpg",male,full sleeve
https://www.myntra.com/tshirts/friskers/friskers-mens-white-full-sleeves-regular-fit-pure-cotton-tshirts/41065149/buy,"https://assets.myntassets.com/h_720,q_90,w_540/v1/assets/images/2026/APRIL/1/XWBbZ5eK_e87cd5598e904262b4effbf07542bdba.jpg",male,full sleeve
https://www.myntra.com/tshirts/thomas+scott/thomas-scott-men-solid-polo-collar-t-shirt/32313020/buy,"https://assets.myntassets.com/h_720,q_90,w_540/v1/assets/images/32313020/2025/1/12/e921c476-cf0a-4d96-b687-534a1fb30a0f1736684725981ThomasScottMenPoloCollarT-shirt1.jpg",male,full sleeve
https://www.myntra.com/tshirts/veirdo/veirdo-men-t-shirt/31603977/buy,"https://assets.myntassets.com/h_720,q_90,w_540/v1/assets/images/2025/SEPTEMBER/26/HJ1HJvw6_a01658d89e854d40acf37e67d5ece43e.jpg",male,full sleeve
https://www.myntra.com/tshirts/highlander/highlander-men-self-design-round-neck-relaxed-fit-t-shirt/36107306/buy,"https://assets.myntassets.com/h_720,q_90,w_540/v1/assets/images/2025/JULY/30/4m3REmvP_fa1cbca7e1694749bb2a529a44e479c9.jpg",male,full sleeve
https://www.myntra.com/tshirts/the+souled+store/the-souled-store-men-printed-pure-cotton-t-shirt/40666789/buy,"https://assets.myntassets.com/h_720,q_90,w_540/v1/assets/images/2026/MARCH/14/hImsjFnz_d18e91884b3445819d1cd315fc6c063a.jpg",male,full sleeve
https://www.myntra.com/tshirts/roadster/the-roadster-lifestyle-co-colourblocked-drop-shoulder-sleeves-relaxed-t-shirt/27689338/buy,"https://assets.myntassets.com/h_720,q_90,w_540/v1/assets/images/27689338/2024/6/21/62bdfce0-606b-4d70-b8e6-2267006e092a1718972711804-The-Roadster-Lifestyle-Co-Colourblocked-Drop-Shoulder-Sleeve-1.jpg",male,full sleeve
https://www.myntra.com/lounge-tshirts/van+heusen+innerwear/van-heusen-innerwear-typography-printed-cotton-lounge-tshirt/25845236/buy,"https://assets.myntassets.com/h_720,q_90,w_540/v1/assets/images/2026/APRIL/2/4n1IwTxv_7c3ea478f04846bfaea4aeb386ddc338.jpg",male,full sleeve
https://www.myntra.com/tshirts/nautica/nautica-long-sleeves-pure-cotton-t-shirt/33906909/buy,"https://assets.myntassets.com/h_720,q_90,w_540/v1/assets/images/2025/AUGUST/19/2RbNPQvq_ce9b186134c444058c3c98dc73da9d74.jpg",male,full sleeve
https://www.myntra.com/tshirts/bewakoof+plus/bewakoof-marvel-daredevil-mens-bold-red-the-devil-graphic-printed-plus-size-t-shirt/39880938/buy,"https://assets.myntassets.com/h_720,q_90,w_540/v1/assets/images/2026/MARCH/12/mMLqwHn2_76d7acbcc55746ad9799760c24ce3355.jpg",male,full sleeve
https://www.myntra.com/tshirts/roadster/roadster-men-brown-solid-t-shirt/17304920/buy,"https://assets.myntassets.com/h_720,q_90,w_540/v1/assets/images/17304920/2022/5/30/03a8f037-965d-43a8-9cbc-8dc67c782e301653892593941-Roadster-Men-Brown-T-shirt-1121653892593434-1.jpg",male,full sleeve
https://www.myntra.com/tshirts/hrx+by+hrithik+roshan/hrx-by-hrithik-roshan-men-rapid-dry-compression-t-shirt/33490847/buy,"https://assets.myntassets.com/h_720,q_90,w_540/v1/assets/images/33490847/2025/4/15/be9f986c-97d3-4a2a-898a-3404642da3171744708890639-HRX-by-Hrithik-Roshan-Men-Tshirts-1931744708889837-1.jpg",male,full sleeve
https://www.myntra.com/tshirts/roadster/roadster-men-black-self-design-henley-neck-t-shirt/12120706/buy,"https://assets.myntassets.com/h_720,q_90,w_540/v1/assets/images/12120706/2020/11/19/11ec19a6-3470-404b-a085-8b2ecb45b8ba1605788365143-Roadster-Men-Tshirts-6651605788363487-1.jpg",male,full sleeve
https://www.myntra.com/tshirts/roadster/the-roadster-lifestyle-co-men-striped-henley-neck-t-shirt/27689004/buy,"https://assets.myntassets.com/h_720,q_90,w_540/v1/assets/images/2026/MARCH/12/dKTBc7yb_046ff64f0b074245884ca6d6389defa2.jpg",male,full sleeve
https://www.myntra.com/tshirts/crocodile/crocodile-men-black-v-neck-cotton-t-shirt/18684444/buy,"https://assets.myntassets.com/h_720,q_90,w_540/v1/assets/images/18684444/2025/2/28/6d257b3c-65aa-4c0b-aef9-7b2cf7baf9761740746508596-Crocodile-Men-Black-V-Neck-Cotton-T-shirt-1581740746507897-1.jpg",male,full sleeve
https://www.myntra.com/tshirts/roadster/the-roadster-lifestyle-co-men-striped-polo-collar-pure-cotton-t-shirt/32364224/buy,"https://assets.myntassets.com/h_720,q_90,w_540/v1/assets/images/2025/FEBRUARY/6/lMGroTZF_8a70232ca16a4f5a8be1e589e7a3d123.jpg",male,full sleeve
https://www.myntra.com/tshirts/happy+khajana/happy-khajana-men-polo-collar-t-shirt/40992640/buy,"https://assets.myntassets.com/h_720,q_90,w_540/v1/assets/images/2026/MARCH/28/h6taQkPD_e41c34290f2848458740894e64ded2f4.jpg",male,full sleeve
https://www.myntra.com/tshirts/the+modern+soul/the-modern-soul-men-henley-neck-t-shirt/41121166/buy,"https://assets.myntassets.com/h_720,q_90,w_540/v1/assets/images/2026/APRIL/3/uR9duk1I_59680c99c3f24d2fb0dadb759f2a6f63.jpg",male,full sleeve
https://www.myntra.com/tshirts/campus+sutra/campus-sutra-men-solid-high-neck-t-shirt/30456494/buy,"https://assets.myntassets.com/h_720,q_90,w_540/v1/assets/images/2024/AUGUST/2/gxTTbSaf_f195b0c0d3ce4541b4a4095dacc59f3f.jpg",male,full sleeve
https://www.myntra.com/tshirts/damensch/damensch-men-solid-round-neck-t-shirt/37345054/buy,"https://assets.myntassets.com/h_720,q_90,w_540/v1/assets/images/2025/OCTOBER/6/r3LvBp6r_ffa5e6d9a0a4416bbc7bf24d2d249937.jpg",male,full sleeve
https://www.myntra.com/tshirts/array/array-men-solid-polo-collar-cotton-t-shirt/30679335/buy,"https://assets.myntassets.com/h_720,q_90,w_540/v1/assets/images/2024/AUGUST/21/aN3PHfWs_3f48332884aa495c8a6d80882222bd5b.jpg",male,full sleeve
https://www.myntra.com/tshirts/veirdo/veirdo-men-t-shirt/31603978/buy,"https://assets.myntassets.com/h_720,q_90,w_540/v1/assets/images/2025/SEPTEMBER/26/Qzw9lfzA_cef4aa8f1a2142b1a454be6bb24e681d.jpg",male,full sleeve
https://www.myntra.com/tshirts/maniac/maniac-men-henley-neck-pockets-t-shirt/30521324/buy,"https://assets.myntassets.com/h_720,q_90,w_540/v1/assets/images/2024/AUGUST/7/GLdMECaI_b243a10161844fb794b7affca4e629d0.jpg",male,full sleeve
https://www.myntra.com/tshirts/szn/szn-men-polo-collar-t-shirt/41210909/buy,"https://assets.myntassets.com/h_720,q_90,w_540/v1/assets/images/2026/APRIL/7/Ij5Qv8mA_7ba97450efab4268880225dd3ad9075a.jpg",male,full sleeve
https://www.myntra.com/tshirts/roadster/the-roadster-lifestyle-co-men-striped-polo-collar-pure-cotton-t-shirt/26043444/buy,"https://assets.myntassets.com/h_720,q_90,w_540/v1/assets/images/26043444/2024/3/15/30a834cb-e105-4627-bb3a-bcda365f879b1710500010777-Roadster-Men-Tshirts-4441710500010415-1.jpg",male,full sleeve
https://www.myntra.com/tshirts/roadster/roadster-men-maroon--navy-blue-striped-polo-collar--cotton-t-shirt/10422940/buy,"https://assets.myntassets.com/h_720,q_90,w_540/v1/assets/images/10422940/2019/11/29/ef39aef8-c760-4b53-8af9-f9aa4ed53c8f1575029034697-Roadster-Men-Maroon-Striped-Polo-Collar-T-shirt-878157502903-1.jpg",male,full sleeve
https://www.myntra.com/tshirts/roadster/the-roadster-life-co-plus-size-striped-polo-collar-t-shirt/30162920/buy,"https://assets.myntassets.com/h_720,q_90,w_540/v1/assets/images/30162920/2025/1/30/71813856-d27d-4e83-a9f6-9bb34fe920ee1738214595166-The-Roadster-Life-Co-Plus-Size-Striped-Polo-Collar-T-shirt-7-1.jpg",male,full sleeve
https://www.myntra.com/tshirts/try+this/try-this-men-striped-polo-collar-t-shirt/39077045/buy,"https://assets.myntassets.com/h_720,q_90,w_540/v1/assets/images/2025/DECEMBER/31/xOCOM6Jh_41dea85f61f04825ae15ffe5d42d3ef0.jpg",male,full sleeve
https://www.myntra.com/tshirts/the+souled+store/the-souled-store-men-graphic-printed-t-shirt/40849077/buy,"https://assets.myntassets.com/h_720,q_90,w_540/v1/assets/images/2026/MARCH/23/9UoAtmzy_96a4603cd9184f41b298e67b928299bf.jpg",male,full sleeve
https://www.myntra.com/tshirts/technosport/technosport-colourblocked-slim-fit-t-shirt/27186474/buy,"https://assets.myntassets.com/h_720,q_90,w_540/v1/assets/images/27186474/2024/3/1/48b98c6f-97b2-4ef2-9207-5fc40e03804c1709274866479-Technosport-Colourblocked-Slim-Fit-T-shirt-7211709274866116-1.jpg",male,full sleeve
https://www.myntra.com/tshirts/roadster/the-roadster-lifestyle-co-solid-pure-cotton-t-shirt/24917816/buy,"https://assets.myntassets.com/h_720,q_90,w_540/v1/assets/images/24917816/2023/12/6/baba5fde-723c-4476-af14-b1d21a130ef11701862544733-Roadster-Men-Tshirts-5731701862544317-1.jpg",male,full sleeve
https://www.myntra.com/tshirts/roadster/roadster-men-teal-blue-printed-round-neck-cotton-t-shirt/12003924/buy,"https://assets.myntassets.com/h_720,q_90,w_540/v1/assets/images/12003924/2020/8/11/e3dfd67f-d6dc-4b3e-8a26-1e3223aa26b51597121054826-Roadster-Men-Tshirts-1801597121053506-1.jpg",male,full sleeve
https://www.myntra.com/tshirts/happy+khajana/happy-khajana-men-striped-v-neck-t-shirt/41153990/buy,"https://assets.myntassets.com/h_720,q_90,w_540/v1/assets/images/2026/APRIL/5/6ImAWsqD_26e76a075f524b1b9188e02958135ef9.jpg",male,full sleeve
https://www.myntra.com/tshirts/modalen/modalen-men-striped-v-neck-t-shirt/41154013/buy,"https://assets.myntassets.com/h_720,q_90,w_540/v1/assets/images/2026/APRIL/5/Lfr7pz2i_cc745455e4394f238ad73d402a6e284c.jpg",male,full sleeve
https://www.myntra.com/tshirts/szn/szn-men-polo-collar-t-shirt/41210962/buy,"https://assets.myntassets.com/h_720,q_90,w_540/v1/assets/images/2026/APRIL/7/nwNXa5E0_d9164f883dd9496f846d84c76aa93d95.jpg",male,full sleeve
https://www.myntra.com/tshirts/roadster/the-roadster-life-co-pure-cotton-solid-drop-shoulder-sleeves-casual-t-shirt/24917800/buy,"https://assets.myntassets.com/h_720,q_90,w_540/v1/assets/images/24917800/2023/11/29/a4ae5b66-02b2-462d-80c7-0634d66168991701252865962-Roadster-Men-Tshirts-8451701252865566-1.jpg",male,full sleeve
https://www.myntra.com/tshirts/happy+khajana/happy-khajana-men-polo-collar-t-shirt/40992642/buy,"https://assets.myntassets.com/h_720,q_90,w_540/v1/assets/images/2026/MARCH/28/71POKmqL_ab008f1ebe334ee1900b8dd44769e80a.jpg",male,full sleeve
https://www.myntra.com/tshirts/invictus/invictus-men-maroon-raglan-sleeves-pure-cotton-t-shirt/12882176/buy,"https://assets.myntassets.com/h_720,q_90,w_540/v1/assets/images/12882176/2025/6/5/2b6c6880-fee4-4581-9737-c0819c0882261749101296013-INVICTUS-Men-Maroon-Raglan-Sleeves-Pure-Cotton-T-shirt-16517-1.jpg",male,full sleeve
https://www.myntra.com/tshirts/roadster/roadster-men-polo-collar-pure-cotton-t-shirt/26583620/buy,"https://assets.myntassets.com/h_720,q_90,w_540/v1/assets/images/26583620/2024/1/8/0aa91e17-04b4-4acc-9f0f-11727d61cebe1704707065148-Roadster-Men-Tshirts-4401704707064713-1.jpg",male,full sleeve
https://www.myntra.com/tshirts/szn/szn-men-polo-collar-t-shirt/41210961/buy,"https://assets.myntassets.com/h_720,q_90,w_540/v1/assets/images/2026/APRIL/7/lyuHJoyE_53df75bdc2764d51b3b4f678ba43d965.jpg",male,full sleeve
https://www.myntra.com/tshirts/bdsquare/bdsquare-men-printed-t-shirt/41271239/buy,"https://assets.myntassets.com/h_720,q_90,w_540/v1/assets/images/2026/APRIL/18/zzeCa3uI_2a9a175045004882a2f0ffdd488d93dc.jpg",male,full sleeve
https://www.myntra.com/tshirts/bdsquare/bdsquare-men-t-shirt/39825770/buy,"https://assets.myntassets.com/h_720,q_90,w_540/v1/assets/images/2026/FEBRUARY/24/6E615ofB_dbe54d4e905b46998b3fd3d00e7365f4.jpg",male,full sleeve
https://www.myntra.com/tshirts/happy+khajana/happy-khajana-men-polo-collar-t-shirt/39635719/buy,"https://assets.myntassets.com/h_720,q_90,w_540/v1/assets/images/2026/JANUARY/26/eKVoeb9L_262e21cacc5245479d87bd43efc67297.jpg",male,full sleeve
https://www.myntra.com/tshirts/veirdo/veirdo-men-black-pure-cotton-solid-round-neck-pure-cotton-regular-fit-t-shirt/31603980/buy,"https://assets.myntassets.com/h_720,q_90,w_540/v1/assets/images/2025/SEPTEMBER/26/b7Kz7sOE_9f387c2f2efe4b05ab9135e724a096af.jpg",male,full sleeve
https://www.myntra.com/tshirts/hrx+by+hrithik+roshan/hrx-by-hrithik-roshan-men-solid-high-neck-t-shirt/25910218/buy,"https://assets.myntassets.com/h_720,q_90,w_540/v1/assets/images/25910218/2023/11/21/b5db1211-6eda-40bc-af33-f03866b9a0c21700559371570-HRX-by-Hrithik-Roshan-Men-Tshirts-3091700559371106-1.jpg",male,full sleeve
https://www.myntra.com/tshirts/nautica/nautica-pure-cotton-t-shirt/33907138/buy,"https://assets.myntassets.com/h_720,q_90,w_540/v1/assets/images/2025/AUGUST/20/AKi8g4Gd_b4426ebc53f34beab5545d21cf281571.jpg",male,full sleeve
https://www.myntra.com/tshirts/sztori/sztori-men-plus-size-typography-printed-regular-fit-t-shirt/27188114/buy,"https://assets.myntassets.com/h_720,q_90,w_540/v1/assets/images/27188114/2024/3/12/9d982aab-5869-440a-83c7-7f311b1eefc61710226999706-Sztori-Men-Tshirts-6131710226999386-1.jpg",male,full sleeve
https://www.myntra.com/tshirts/szn/szn-men-polo-collar-t-shirt/41210958/buy,"https://assets.myntassets.com/h_720,q_90,w_540/v1/assets/images/2026/APRIL/7/krCCCppK_3d9c6f4ef4164824ae3974bd41b1cadf.jpg",male,full sleeve
https://www.myntra.com/tshirts/highlander/highlander-men-printed-t-shirt/40015418/buy,"https://assets.myntassets.com/h_720,q_90,w_540/v1/assets/images/2026/FEBRUARY/16/Sf8Vpf6p_dff50a6e4b5a4beb9e7a1818f9e41228.jpg",male,full sleeve
https://www.myntra.com/tshirts/thomas+scott/thomas-scott-men-solid-polo-collar-t-shirt/32313020/buy,"https://assets.myntassets.com/h_720,q_90,w_540/v1/assets/images/32313020/2025/1/12/e921c476-cf0a-4d96-b687-534a1fb30a0f1736684725981ThomasScottMenPoloCollarT-shirt1.jpg",male,full sleeve
https://www.myntra.com/tshirts/veirdo/veirdo-men-t-shirt/31603977/buy,"https://assets.myntassets.com/h_720,q_90,w_540/v1/assets/images/2025/SEPTEMBER/26/HJ1HJvw6_a01658d89e854d40acf37e67d5ece43e.jpg",male,full sleeve
https://www.myntra.com/tshirts/the+souled+store/the-souled-store-men-printed-pure-cotton-t-shirt/40666789/buy,"https://assets.myntassets.com/h_720,q_90,w_540/v1/assets/images/2026/MARCH/14/hImsjFnz_d18e91884b3445819d1cd315fc6c063a.jpg",male,full sleeve
https://www.myntra.com/tshirts/rigo/rigo-polo-collar-long-sleeve-cotton-t-shirt/25181282/buy,"https://assets.myntassets.com/h_720,q_90,w_540/v1/assets/images/25181282/2023/9/27/f2fcdc16-e14f-4948-825a-b7eeb0de6e2b1695786781516RigoMenBlackV-NeckPocketsT-shirt1.jpg",male,full sleeve
https://www.myntra.com/tshirts/roadster/the-roadster-lifestyle-co-colourblocked-drop-shoulder-sleeves-relaxed-t-shirt/27689338/buy,"https://assets.myntassets.com/h_720,q_90,w_540/v1/assets/images/27689338/2024/6/21/62bdfce0-606b-4d70-b8e6-2267006e092a1718972711804-The-Roadster-Lifestyle-Co-Colourblocked-Drop-Shoulder-Sleeve-1.jpg",male,full sleeve
https://www.myntra.com/lounge-tshirts/van+heusen+innerwear/van-heusen-innerwear-typography-printed-cotton-lounge-tshirt/25845236/buy,"https://assets.myntassets.com/h_720,q_90,w_540/v1/assets/images/2026/APRIL/2/4n1IwTxv_7c3ea478f04846bfaea4aeb386ddc338.jpg",male,full sleeve
https://www.myntra.com/lounge-tshirts/damensch/damensch-round-neck-t-shirt/32883182/buy,"https://assets.myntassets.com/h_720,q_90,w_540/v1/assets/images/32883182/2025/5/8/5a50de95-9fd4-417c-9f1f-f154add9a8961746716875816-DaMENSCH-Round-Neck-T-Shirt-3761746716875482-1.jpg",male,full sleeve
https://www.myntra.com/tshirts/nautica/nautica-long-sleeves-pure-cotton-t-shirt/33906909/buy,"https://assets.myntassets.com/h_720,q_90,w_540/v1/assets/images/2025/AUGUST/19/2RbNPQvq_ce9b186134c444058c3c98dc73da9d74.jpg",male,full sleeve
https://www.myntra.com/tshirts/bewakoof+plus/bewakoof-marvel-daredevil-mens-bold-red-the-devil-graphic-printed-plus-size-t-shirt/39880938/buy,"https://assets.myntassets.com/h_720,q_90,w_540/v1/assets/images/2026/MARCH/12/mMLqwHn2_76d7acbcc55746ad9799760c24ce3355.jpg",male,full sleeve
https://www.myntra.com/tshirts/roadster/roadster-men-brown-solid-t-shirt/17304920/buy,"https://assets.myntassets.com/h_720,q_90,w_540/v1/assets/images/17304920/2022/5/30/03a8f037-965d-43a8-9cbc-8dc67c782e301653892593941-Roadster-Men-Brown-T-shirt-1121653892593434-1.jpg",male,full sleeve
https://www.myntra.com/tshirts/hrx+by+hrithik+roshan/hrx-by-hrithik-roshan-men-rapid-dry-compression-t-shirt/33490847/buy,"https://assets.myntassets.com/h_720,q_90,w_540/v1/assets/images/33490847/2025/4/15/be9f986c-97d3-4a2a-898a-3404642da3171744708890639-HRX-by-Hrithik-Roshan-Men-Tshirts-1931744708889837-1.jpg",male,full sleeve
https://www.myntra.com/tshirts/roadster/roadster-men-black-self-design-henley-neck-t-shirt/12120706/buy,"https://assets.myntassets.com/h_720,q_90,w_540/v1/assets/images/12120706/2020/11/19/11ec19a6-3470-404b-a085-8b2ecb45b8ba1605788365143-Roadster-Men-Tshirts-6651605788363487-1.jpg",male,full sleeve
https://www.myntra.com/tshirts/roadster/the-roadster-lifestyle-co-men-striped-henley-neck-t-shirt/27689004/buy,"https://assets.myntassets.com/h_720,q_90,w_540/v1/assets/images/2026/MARCH/12/dKTBc7yb_046ff64f0b074245884ca6d6389defa2.jpg",male,full sleeve
https://www.myntra.com/tshirts/crocodile/crocodile-men-black-v-neck-cotton-t-shirt/18684444/buy,"https://assets.myntassets.com/h_720,q_90,w_540/v1/assets/images/18684444/2025/2/28/6d257b3c-65aa-4c0b-aef9-7b2cf7baf9761740746508596-Crocodile-Men-Black-V-Neck-Cotton-T-shirt-1581740746507897-1.jpg",male,full sleeve
https://www.myntra.com/tshirts/roadster/the-roadster-lifestyle-co-men-striped-polo-collar-pure-cotton-t-shirt/32364224/buy,"https://assets.myntassets.com/h_720,q_90,w_540/v1/assets/images/2025/FEBRUARY/6/lMGroTZF_8a70232ca16a4f5a8be1e589e7a3d123.jpg",male,full sleeve
https://www.myntra.com/tshirts/happy+khajana/happy-khajana-men-polo-collar-t-shirt/40992640/buy,"https://assets.myntassets.com/h_720,q_90,w_540/v1/assets/images/2026/MARCH/28/h6taQkPD_e41c34290f2848458740894e64ded2f4.jpg",male,full sleeve
https://www.myntra.com/shirts/highlander/highlander-men-relaxed-fit-textured-cuban-collar-cotton-casual-shirt/36107784/buy,"https://assets.myntassets.com/h_720,q_90,w_540/v1/assets/images/2025/JULY/30/XGN6dTF7_24394d639e9c4c21b6cd8f89b663180e.jpg",male,half sleeve
https://www.myntra.com/shirts/mast+%26+harbour/mast--harbour-men-sea-green--white-regular-fit-printed-casual-shirt/11007600/buy,"https://assets.myntassets.com/h_720,q_90,w_540/v1/assets/images/11007600/2020/1/23/76c3a22b-941f-40e5-aa81-2951605ee9c91579783532969-Mast--Harbour-Men-Shirts-4261579783531110-1.jpg",male,half sleeve
https://www.myntra.com/shirts/v-mart/v-mart-men-checked-shirt/41158165/buy,"https://assets.myntassets.com/h_720,q_90,w_540/v1/assets/images/2026/APRIL/17/ja5NQpTV_a039082e983249dcb3dc9b5f0be3c920.jpg",male,half sleeve
https://www.myntra.com/shirts/fame+forever+by+lifestyle/fame-forever-by-lifestyle-men-printed-casual-shirt/40921700/buy,"https://assets.myntassets.com/h_720,q_90,w_540/v1/assets/images/2026/MARCH/26/eSu4eDaI_fbd116f2cce14cdabd20a22d06f861de.jpg",male,half sleeve
https://www.myntra.com/shirts/stylecast+x+revolte/stylecast-x-revolte-men-printed-casual-shirt/40538099/buy,"https://assets.myntassets.com/h_720,q_90,w_540/v1/assets/images/2026/MARCH/8/2dEblBQi_45ac19c4b13146259217332fdb92df01.jpg",male,half sleeve
https://www.myntra.com/shirts/highlander/highlander-men-casual-shirt/40512598/buy,"https://assets.myntassets.com/h_720,q_90,w_540/v1/assets/images/2026/MARCH/16/ao3Kq8v5_d8445a2068b149879b79df5f95bfda72.jpg",male,half sleeve
https://www.myntra.com/shirts/the+souled+store/the-souled-store-men-oversized-kung-fu-panda-black-casual-shirts/37274364/buy,"https://assets.myntassets.com/h_720,q_90,w_540/v1/assets/images/2025/SEPTEMBER/30/brLARAyW_8464ad45b7c44d13af53fbf36e170706.jpg",male,half sleeve
https://www.myntra.com/shirts/roadster/the-roadster-lifestyle-co--cotton-casual-shirts/29936236/buy,"https://assets.myntassets.com/h_720,q_90,w_540/v1/assets/images/29936236/2024/6/10/2076e12a-06f7-4aad-ba21-7dc4d2e9e9f91718040232077TheRoadsterLifestyleCoPureCottonCasualShirts1.jpg",male,half sleeve
https://www.myntra.com/shirts/roadster/-the-roadster-lifestyle-co-pure-cotton-casual-shirts/29936228/buy,"https://assets.myntassets.com/h_720,q_90,w_540/v1/assets/images/29936228/2024/6/10/77b503dc-2869-4369-a645-b5f50a0953651718040226607TheRoadsterLifestyleCoPureCottonCasualShirts1.jpg",male,half sleeve
https://www.myntra.com/shirts/crimsoune+club/crimsoune-club-men-classic-slim-fit-checked-spread-collar-cotton-casual-shirt/33602947/buy,"https://assets.myntassets.com/h_720,q_90,w_540/v1/assets/images/2025/APRIL/15/Crql2WOC_3936cdc80dd6497b98ccab497139df5b.jpg",male,half sleeve
https://www.myntra.com/shirts/highlander/highlander-black-ethnic-motifs-printed-spread-collar-cotton-casual-shirt/24355542/buy,"https://assets.myntassets.com/h_720,q_90,w_540/v1/assets/images/24355542/2023/8/5/75a8cf7b-95f6-45d5-9bf7-a1b97349ee1c1691224247308HIGHLANDERMenBlackSlimFitOpaquePrintedCasualShirt1.jpg",male,half sleeve
https://www.myntra.com/shirts/nautica/nautica-classic-linen-cotton-casual-shirt/39962372/buy,"https://assets.myntassets.com/h_720,q_90,w_540/v1/assets/images/2026/MARCH/6/4U5X8MyR_846b69b3b62f4b18b3e9b0ef010b9102.jpg",male,half sleeve
https://www.myntra.com/shirts/here%26now/herenow-men-navy-blue-slim-fit-opaque-casual-shirt/22834598/buy,"https://assets.myntassets.com/h_720,q_90,w_540/v1/assets/images/22834598/2023/4/26/1f81a26d-6da6-4ed2-bf5e-dc0fed0ec88f1682507302497-HERENOW-Men-Shirts-1121682507302139-1.jpg",male,half sleeve
https://www.myntra.com/shirts/highlander/highlander-oversized-self-design-casual-crochet-shirt/26487980/buy,"https://assets.myntassets.com/h_720,q_90,w_540/v1/assets/images/26487980/2023/12/18/01823661-0bfc-49eb-af61-c06914d4e1ef1702899077978HIGHLANDERMenCream-ColouredCasualShirt1.jpg",male,half sleeve
https://www.myntra.com/shirts/roadster/roadster-men-white-casual-shirt/13663158/buy,"https://assets.myntassets.com/h_720,q_90,w_540/v1/assets/images/13663158/2021/6/15/b362c10b-011d-4b13-a9ea-f41305f3a5351623750641922-Roadster-Men-Shirts-7911623750641419-1.jpg",male,half sleeve
https://www.myntra.com/shirts/highlander/highlander-men-plus-size-slim-fit-floral-printed-casual-cotton-shirt/21239724/buy,"https://assets.myntassets.com/h_720,q_90,w_540/v1/assets/images/21239724/2023/1/12/515c34da-8718-4a03-b69a-87b6c8164bd11673520202627HIGHLANDERPlusSizeMenSlimFitFloralPrintedCasualCottonShirt1.jpg",male,half sleeve
https://www.myntra.com/shirts/the+bear+house/the-bear-house-relaxed-fit-vertical-striped-short-sleeves-linen-shirt/36514368/buy,"https://assets.myntassets.com/h_720,q_90,w_540/v1/assets/images/2025/AUGUST/21/Sq33m1AC_09fbbd2d47ee4185a0cd24c551ff915b.jpg",male,half sleeve
https://www.myntra.com/shirts/anouk/anouk-men-standard-floral-casual-shirt/41127442/buy,"https://assets.myntassets.com/h_720,q_90,w_540/v1/assets/images/2026/APRIL/4/5z2zCjvp_caff897e856942878217d8e83057b03f.jpg",male,half sleeve
https://www.myntra.com/shirts/crimsoune+club/crimsoune-club-checked-spread-collar-classic-slim-fit-pure-cotton-casual-shirt/33602711/buy,"https://assets.myntassets.com/h_720,q_90,w_540/v1/assets/images/2025/APRIL/14/WSxLCPwr_935cc433529e454ca9ab45bfaf6e6071.jpg",male,half sleeve
https://www.myntra.com/shirts/highlander/highlander-men-green-slim-fit-tropical-printed-casual-shirt/20377658/buy,"https://assets.myntassets.com/h_720,q_90,w_540/v1/assets/images/20377658/2025/2/15/52866de3-809c-424c-971a-63313f99d6d61739615357185-HIGHLANDER-Men-Green-Slim-Fit-Tropical-Printed-Casual-Shirt--1.jpg",male,half sleeve
https://www.myntra.com/shirts/roadster/the-roadster-lifestyle-co-checked-pure-cotton-spread-collar-shirt/41156240/buy,"https://assets.myntassets.com/h_720,q_90,w_540/v1/assets/images/2026/APRIL/5/AwGqpiWy_928e166fba414ed1af5143ffd6dafaee.jpg",male,half sleeve
https://www.myntra.com/shirts/aldeno/aldeno-men-comfort-cuban-collar-micro-ditsy-printed-casual-shirt/30696272/buy,"https://assets.myntassets.com/h_720,q_90,w_540/v1/assets/images/2024/AUGUST/23/2ivMygEL_f2f0a0ef2e384de58a61f03ab9584a85.jpg",male,half sleeve
https://www.myntra.com/shirts/here%26now/herenow-men-navy-blue--off-white-slim-fit-printed-casual-shirt/20421124/buy,"https://assets.myntassets.com/h_720,q_90,w_540/v1/assets/images/20421124/2022/10/17/2dd1cc94-8bed-4f0f-8c95-a785a9910a3c1665981279300HERENOWMenMulticolouredSlimFitPrintedCasualShirt1.jpg",male,half sleeve
https://www.myntra.com/shirts/the+souled+store/the-souled-store-men-oversized-batman-black-casual-shirts/38220285/buy,"https://assets.myntassets.com/h_720,q_90,w_540/v1/assets/images/2026/JANUARY/24/tCkIgMsV_6a9f847ae6cc42109ba7179137eec9ce.jpg",male,half sleeve
https://www.myntra.com/shirts/nautica/nautica-pure-cotton-classic-fit-checked-casual-shirt/32044996/buy,"https://assets.myntassets.com/h_720,q_90,w_540/v1/assets/images/32044996/2025/5/8/56f4f8b2-af1a-4769-80f6-b03f7a27512e1746699764811-Nautica-Men-Shirts-7281746699764355-1.jpg",male,half sleeve
https://www.myntra.com/shirts/highlander/highlander-men-dobby-textured-striped-cuban-collar-relaxed-shirt/30660670/buy,"https://assets.myntassets.com/h_720,q_90,w_540/v1/assets/images/2024/AUGUST/21/JranjwQm_255db1c97eea466c8b1d3ba5fc16d62c.jpg",male,half sleeve
https://www.myntra.com/shirts/banana+club/banana-club-men-classic-boxy-striped-shirt/41058144/buy,"https://assets.myntassets.com/h_720,q_90,w_540/v1/assets/images/2026/APRIL/10/wESF5dM1_e15c0acc4a18489cbe6fdb0700bb7893.jpg",male,half sleeve
https://www.myntra.com/shirts/limeroad/limeroad-men-regular-fit-typography-shirt/41158229/buy,"https://assets.myntassets.com/h_720,q_90,w_540/v1/assets/images/2026/APRIL/6/ShOBhahI_39cdcde82f1044f3ba0cd9eba4299435.jpg",male,half sleeve
https://www.myntra.com/shirts/here%26now/herenow-ribbed-cuban-collar-corduroy-oversized-casual-shirt/26428062/buy,"https://assets.myntassets.com/h_720,q_90,w_540/v1/assets/images/26428062/2023/12/14/279e43a8-361f-4491-9177-a91b24364b551702574025215HERENOWMenBrownCasualShirt6.jpg",male,half sleeve
https://www.myntra.com/shirts/the+souled+store/the-souled-store-men-regular-fit-striped-beige-shirts/30852901/buy,"https://assets.myntassets.com/h_720,q_90,w_540/v1/assets/images/2026/JANUARY/24/RgCcD5WO_106b4df5e5774967aaa1ff9ee7d519c5.jpg",male,half sleeve
https://www.myntra.com/shirts/roadster/the-roadster-lifestyle-co-pure-cotton-half-sleeve-shirts/29936233/buy,"https://assets.myntassets.com/h_720,q_90,w_540/v1/assets/images/29936233/2024/6/10/730c98fb-0a55-4551-a5f8-7be5fedbacf71718040229285TheRoadsterLifestyleCoPureCottonHalfSleeveShirts1.jpg",male,half sleeve
https://www.myntra.com/shirts/people/people-men-printed-casual-shirt/41078578/buy,"https://assets.myntassets.com/h_720,q_90,w_540/v1/assets/images/2026/APRIL/2/aD3gEZNg_e8c6f8c246944beaa6afd67710a7a4de.jpg",male,half sleeve
https://www.myntra.com/shirts/highlander/highlander-men-relaxed-fit-graphic-printed-spread-collar-cotton-casual-shirt/36387690/buy,"https://assets.myntassets.com/h_720,q_90,w_540/v1/assets/images/2025/AUGUST/13/ciQE5W5C_043d42f4889146109e55f19be0e965e8.jpg",male,half sleeve
https://www.myntra.com/shirts/here%26now/herenow-men-multicoloured-slim-fit-opaque-checked-casual-shirt/22834604/buy,"https://assets.myntassets.com/h_720,q_90,w_540/v1/assets/images/22834604/2023/4/26/d46781de-eb52-4c49-96f6-20a400fb35ea1682507322119-HERENOW-Men-Shirts-9301682507321787-1.jpg",male,half sleeve
https://www.myntra.com/shirts/highlander/highlander-men-slim-fit-printed-shirt/30745691/buy,"https://assets.myntassets.com/h_720,q_90,w_540/v1/assets/images/30745691/2024/9/11/753bf586-2863-4f0d-bbfd-5d769bdc0dc91726071439111-HIGHLANDER-Men-Slim-Fit-Opaque-Printed-Casual-Shirt-82717260-1.jpg",male,half sleeve
https://www.myntra.com/shirts/roadster/the-roadster-lifestyle-co-men-white-slim-fit-casual-shirt/13662878/buy,"https://assets.myntassets.com/h_720,q_90,w_540/v1/assets/images/13662878/2021/8/7/eec9eff8-c7d2-4cc8-a2f0-ac6a4f9b3cb01628335642270-Roadster-Men-White-Slim-Fit-Casual-Shirt-8911628335641673-1.jpg",male,half sleeve
https://www.myntra.com/shirts/the+souled+store/the-souled-store-men-black-panther-printed-multicolor-regular-fit-holiday-shirts/30552786/buy,"https://assets.myntassets.com/h_720,q_90,w_540/v1/assets/images/2024/AUGUST/10/YehTgk4i_a277a852c50446cf815909664bc3ff22.jpg",male,half sleeve
https://www.myntra.com/shirts/the+souled+store/the-souled-store-men-green-stripes-cotton-regular-fit-shirts/27309948/buy,"https://assets.myntassets.com/h_720,q_90,w_540/v1/assets/images/2026/APRIL/10/EZEvcnNW_7cb5c65c43ff4f0e897022849a7780e2.jpg",male,half sleeve
https://www.myntra.com/shirts/roadster/the-roadster-lifestyle-co--cotton-half-sleeve-shirts/29936229/buy,"https://assets.myntassets.com/h_720,q_90,w_540/v1/assets/images/29936229/2024/6/10/61c615d1-b705-4ef5-b8e2-cdd782259dc11718040227990TheRoadsterLifestyleCoPureCottonHalfSleeveShirts1.jpg",male,half sleeve
https://www.myntra.com/shirts/the+souled+store/the-souled-store-men-regular-fit-printed-white-holiday-shirts/38220107/buy,"https://assets.myntassets.com/h_720,q_90,w_540/v1/assets/images/2025/NOVEMBER/25/xj8i9Ht7_26693ac8ff364bac9cf55ee9e038f827.jpg",male,half sleeve
https://www.myntra.com/shirts/here%26now/herenow-abstract-printed-casual-shirt/25128894/buy,"https://assets.myntassets.com/h_720,q_90,w_540/v1/assets/images/25128894/2023/9/23/cdff2e86-def5-48e0-9157-ecbcdce100821695447419376HERENOWMenGreenOpaquePrintedCasualShirt1.jpg",male,half sleeve
https://www.myntra.com/shirts/the+souled+store/the-souled-store-men-dragonfly-printed-multicolor-oversized-shirts/35056597/buy,"https://assets.myntassets.com/h_720,q_90,w_540/v1/assets/images/2025/JUNE/19/IRQE3KT5_42a00aabc22347558e4ce9323db5131c.jpg",male,half sleeve
https://www.myntra.com/shirts/the+bear+house/the-bear-house-men-textured-spread-collar-casual-shirt/35917624/buy,"https://assets.myntassets.com/h_720,q_90,w_540/v1/assets/images/2025/JULY/23/DcdgShu2_8bc8bc97fc9145518c7c7bfdf68058ea.jpg",male,half sleeve
https://www.myntra.com/shirts/code+by+lifestyle/code-by-lifestyle-men-casual-shirt/41059658/buy,"https://assets.myntassets.com/h_720,q_90,w_540/v1/assets/images/2026/APRIL/1/rEle531G_e150fb2660d64032bace785bea979ce1.jpg",male,half sleeve
https://www.myntra.com/shirts/here%26now/herenow-slim-fit-floral-opaque-printed-casual-shirt/22270338/buy,"https://assets.myntassets.com/h_720,q_90,w_540/v1/assets/images/22270338/2023/3/17/35e114c4-4998-408b-adea-097baa56b30c1679034047708-HERENOW-Men-Shirts-5481679034047225-1.jpg",male,half sleeve
https://www.myntra.com/shirts/the+souled+store/the-souled-store-men-regular-fit-marvel-iron-man-printed-brown-shirts/22938408/buy,"https://assets.myntassets.com/h_720,q_90,w_540/v1/assets/images/22938408/2024/4/10/28cde2c7-5ece-47de-8de6-1455fc69933a1712744022741-The-Souled-Store-Brown-Relaxed-Graphic-Printed-Casual-Shirt--11.jpg",male,half sleeve
https://www.myntra.com/shirts/highlander/highlander-self-design-cuban-collar-short-sleeves-casual-dobby-cotton-shirt/34671717/buy,"https://assets.myntassets.com/h_720,q_90,w_540/v1/assets/images/2025/JUNE/2/iaeE65zx_85cdd5c5465841df9c337e081ec5d60f.jpg",male,half sleeve
https://www.myntra.com/shirts/highlander/highlander-men-casual-shirt/38317239/buy,"https://assets.myntassets.com/h_720,q_90,w_540/v1/assets/images/2025/NOVEMBER/29/sJSOEfd8_3bf3403c021349c9a15480771fdc0b2d.jpg",male,half sleeve
https://www.myntra.com/shirts/the+souled+store/the-souled-store-men-cuban-collar-colourblocked-cotton-casual-shirt/31273956/buy,"https://assets.myntassets.com/h_720,q_90,w_540/v1/assets/images/2024/OCTOBER/10/Sz9YAj4z_461db8318075486784184aeffeff1447.jpg",male,half sleeve
https://www.myntra.com/shirts/highlander/highlander-men-printeds-slim-fit-shirt/30851895/buy,"https://assets.myntassets.com/h_720,q_90,w_540/v1/assets/images/2024/SEPTEMBER/7/0jd2devx_0dfdcd32aab54065a485e92ecfcabfd9.jpg",male,half sleeve
https://www.myntra.com/shirts/highlander/highlander-men-relaxed-fit-textured-cuban-collar-cotton-casual-shirt/36107784/buy,"https://assets.myntassets.com/h_720,q_90,w_540/v1/assets/images/2025/JULY/30/XGN6dTF7_24394d639e9c4c21b6cd8f89b663180e.jpg",male,half sleeve
https://www.myntra.com/shirts/mast+%26+harbour/mast--harbour-men-sea-green--white-regular-fit-printed-casual-shirt/11007600/buy,"https://assets.myntassets.com/h_720,q_90,w_540/v1/assets/images/11007600/2020/1/23/76c3a22b-941f-40e5-aa81-2951605ee9c91579783532969-Mast--Harbour-Men-Shirts-4261579783531110-1.jpg",male,half sleeve
https://www.myntra.com/shirts/v-mart/v-mart-men-checked-shirt/41158165/buy,"https://assets.myntassets.com/h_720,q_90,w_540/v1/assets/images/2026/APRIL/17/ja5NQpTV_a039082e983249dcb3dc9b5f0be3c920.jpg",male,half sleeve
https://www.myntra.com/shirts/fame+forever+by+lifestyle/fame-forever-by-lifestyle-men-printed-casual-shirt/40921700/buy,"https://assets.myntassets.com/h_720,q_90,w_540/v1/assets/images/2026/MARCH/26/eSu4eDaI_fbd116f2cce14cdabd20a22d06f861de.jpg",male,half sleeve
https://www.myntra.com/shirts/stylecast+x+revolte/stylecast-x-revolte-men-printed-casual-shirt/40538099/buy,"https://assets.myntassets.com/h_720,q_90,w_540/v1/assets/images/2026/MARCH/8/2dEblBQi_45ac19c4b13146259217332fdb92df01.jpg",male,half sleeve
https://www.myntra.com/shirts/highlander/highlander-men-casual-shirt/40512598/buy,"https://assets.myntassets.com/h_720,q_90,w_540/v1/assets/images/2026/MARCH/16/ao3Kq8v5_d8445a2068b149879b79df5f95bfda72.jpg",male,half sleeve
https://www.myntra.com/shirts/the+souled+store/the-souled-store-men-oversized-kung-fu-panda-black-casual-shirts/37274364/buy,"https://assets.myntassets.com/h_720,q_90,w_540/v1/assets/images/2025/SEPTEMBER/30/brLARAyW_8464ad45b7c44d13af53fbf36e170706.jpg",male,half sleeve
https://www.myntra.com/shirts/roadster/the-roadster-lifestyle-co--cotton-casual-shirts/29936236/buy,"https://assets.myntassets.com/h_720,q_90,w_540/v1/assets/images/29936236/2024/6/10/2076e12a-06f7-4aad-ba21-7dc4d2e9e9f91718040232077TheRoadsterLifestyleCoPureCottonCasualShirts1.jpg",male,half sleeve
https://www.myntra.com/shirts/roadster/-the-roadster-lifestyle-co-pure-cotton-casual-shirts/29936228/buy,"https://assets.myntassets.com/h_720,q_90,w_540/v1/assets/images/29936228/2024/6/10/77b503dc-2869-4369-a645-b5f50a0953651718040226607TheRoadsterLifestyleCoPureCottonCasualShirts1.jpg",male,half sleeve
https://www.myntra.com/shirts/crimsoune+club/crimsoune-club-men-classic-slim-fit-checked-spread-collar-cotton-casual-shirt/33602947/buy,"https://assets.myntassets.com/h_720,q_90,w_540/v1/assets/images/2025/APRIL/15/Crql2WOC_3936cdc80dd6497b98ccab497139df5b.jpg",male,half sleeve
https://www.myntra.com/shirts/highlander/highlander-black-ethnic-motifs-printed-spread-collar-cotton-casual-shirt/24355542/buy,"https://assets.myntassets.com/h_720,q_90,w_540/v1/assets/images/24355542/2023/8/5/75a8cf7b-95f6-45d5-9bf7-a1b97349ee1c1691224247308HIGHLANDERMenBlackSlimFitOpaquePrintedCasualShirt1.jpg",male,half sleeve
https://www.myntra.com/shirts/nautica/nautica-classic-linen-cotton-casual-shirt/39962372/buy,"https://assets.myntassets.com/h_720,q_90,w_540/v1/assets/images/2026/MARCH/6/4U5X8MyR_846b69b3b62f4b18b3e9b0ef010b9102.jpg",male,half sleeve
https://www.myntra.com/shirts/here%26now/herenow-men-navy-blue-slim-fit-opaque-casual-shirt/22834598/buy,"https://assets.myntassets.com/h_720,q_90,w_540/v1/assets/images/22834598/2023/4/26/1f81a26d-6da6-4ed2-bf5e-dc0fed0ec88f1682507302497-HERENOW-Men-Shirts-1121682507302139-1.jpg",male,half sleeve
https://www.myntra.com/shirts/highlander/highlander-oversized-self-design-casual-crochet-shirt/26487980/buy,"https://assets.myntassets.com/h_720,q_90,w_540/v1/assets/images/26487980/2023/12/18/01823661-0bfc-49eb-af61-c06914d4e1ef1702899077978HIGHLANDERMenCream-ColouredCasualShirt1.jpg",male,half sleeve
https://www.myntra.com/shirts/roadster/roadster-men-white-casual-shirt/13663158/buy,"https://assets.myntassets.com/h_720,q_90,w_540/v1/assets/images/13663158/2021/6/15/b362c10b-011d-4b13-a9ea-f41305f3a5351623750641922-Roadster-Men-Shirts-7911623750641419-1.jpg",male,half sleeve
https://www.myntra.com/shirts/highlander/highlander-men-plus-size-slim-fit-floral-printed-casual-cotton-shirt/21239724/buy,"https://assets.myntassets.com/h_720,q_90,w_540/v1/assets/images/21239724/2023/1/12/515c34da-8718-4a03-b69a-87b6c8164bd11673520202627HIGHLANDERPlusSizeMenSlimFitFloralPrintedCasualCottonShirt1.jpg",male,half sleeve
https://www.myntra.com/shirts/the+bear+house/the-bear-house-relaxed-fit-vertical-striped-short-sleeves-linen-shirt/36514368/buy,"https://assets.myntassets.com/h_720,q_90,w_540/v1/assets/images/2025/AUGUST/21/Sq33m1AC_09fbbd2d47ee4185a0cd24c551ff915b.jpg",male,half sleeve
https://www.myntra.com/shirts/anouk/anouk-men-standard-floral-casual-shirt/41127442/buy,"https://assets.myntassets.com/h_720,q_90,w_540/v1/assets/images/2026/APRIL/4/5z2zCjvp_caff897e856942878217d8e83057b03f.jpg",male,half sleeve
https://www.myntra.com/shirts/crimsoune+club/crimsoune-club-checked-spread-collar-classic-slim-fit-pure-cotton-casual-shirt/33602711/buy,"https://assets.myntassets.com/h_720,q_90,w_540/v1/assets/images/2025/APRIL/14/WSxLCPwr_935cc433529e454ca9ab45bfaf6e6071.jpg",male,half sleeve
https://www.myntra.com/shirts/highlander/highlander-men-green-slim-fit-tropical-printed-casual-shirt/20377658/buy,"https://assets.myntassets.com/h_720,q_90,w_540/v1/assets/images/20377658/2025/2/15/52866de3-809c-424c-971a-63313f99d6d61739615357185-HIGHLANDER-Men-Green-Slim-Fit-Tropical-Printed-Casual-Shirt--1.jpg",male,half sleeve
https://www.myntra.com/tops/trendyol/trendyol-women-long-sleeves-top/36702776/buy,"https://assets.myntassets.com/h_720,q_90,w_540/v1/assets/images/2025/OCTOBER/18/9jtzNhG5_949f2ce820bf437f9455abc21e8d4122.jpg",female,half sleeve
https://www.myntra.com/tshirts/twin+birds/twin-birds-women-long-sleeves-raw-edge-high-neck-slim-fit-t-shirt/30210004/buy,"https://assets.myntassets.com/h_720,q_90,w_540/v1/assets/images/30210004/2024/7/12/16311695-0a6b-4957-902d-d3678cde068b1720802084111TWINBIRDSWomenDrop-ShoulderSleevesRawEdgeSlimFitT-shirt1.jpg",female,half sleeve
https://www.myntra.com/tops/stylecast/stylecast-women-long-sleeves-crop-top/31365388/buy,"https://assets.myntassets.com/h_720,q_90,w_540/v1/assets/images/2025/APRIL/22/kJwPkriU_f55d6f7bbacb47aca5dd06726108d54e.jpg",female,half sleeve
https://www.myntra.com/tops/mayra/mayra-women-long-sleeves-crop-top/31901222/buy,"https://assets.myntassets.com/h_720,q_90,w_540/v1/assets/images/2024/DECEMBER/9/1pD1ZruE_961b2bdc5c3a426a8a38f29ca3c66554.jpg",female,half sleeve
https://www.myntra.com/lounge-tshirts/blossom/blossom-women-striped-long-sleeves-lounge-tshirts/31219190/buy,"https://assets.myntassets.com/h_720,q_90,w_540/v1/assets/images/2024/OCTOBER/4/lLjsriQN_bd00b3bbad3e46dca0e12ae3019a073e.jpg",female,half sleeve
https://www.myntra.com/tshirts/dillinger/dillinger-women-solid-round-neck-regular-fit-t-shirt/37214247/buy,"https://assets.myntassets.com/h_720,q_90,w_540/v1/assets/images/2025/OCTOBER/10/SaAVqiK7_5ffee081c512441aa25cea6864e207c1.jpg",female,half sleeve
https://www.myntra.com/tops/trendyol/trendyol-women-embroidered-long-sleeves-top/37471510/buy,"https://assets.myntassets.com/h_720,q_90,w_540/v1/assets/images/2025/OCTOBER/14/Obki6M1B_c34509c1d2a543689a73c21458bbf55e.jpg",female,half sleeve
https://www.myntra.com/tshirts/hrx+by+hrithik+roshan/hrx-by-hrithik-roshan-women-white-solid-round-neck-t-shirt/10565472/buy,"https://assets.myntassets.com/h_720,q_90,w_540/v1/assets/images/10565472/2019/10/12/c10d2db4-7e95-469a-ae4f-f0ffe567f5621570864431335-HRX-by-Hrithik-Roshan-Women-Tshirts-9511570864429441-1.jpg",female,half sleeve
https://www.myntra.com/tops/leriya+fashion/leriya-fashion-women-long-sleeves-tops/36858920/buy,"https://assets.myntassets.com/h_720,q_90,w_540/v1/assets/images/2026/APRIL/20/MqXW7nRp_cc5f6afd051e4fbb9095f21cee97d1da.jpg",female,half sleeve
https://www.myntra.com/tops/madame/madame-women-solid-long-sleeves-top/31570451/buy,"https://assets.myntassets.com/h_720,q_90,w_540/v1/assets/images/2024/NOVEMBER/7/1fBkwWhD_0aca940bd8c743009d09e1cffeebb633.jpg",female,half sleeve
https://www.myntra.com/tshirts/sugnaa/sugnaa-women-printed-long-sleeves-crop-t-shirt-/40851931/buy,"https://assets.myntassets.com/h_720,q_90,w_540/v1/assets/images/2026/MARCH/23/psVLJbcY_a9655e2d53b845609f6ce59a6ce035f6.jpg",female,half sleeve
https://www.myntra.com/tops/suo/suo-women-red-long-sleeves-lace-trim-tops/40609901/buy,"https://assets.myntassets.com/h_720,q_90,w_540/v1/assets/images/2026/MARCH/16/Phsc4vSv_584073bf55834e3d94d3d8f77f7c319c.jpg",female,half sleeve
https://www.myntra.com/tshirts/sugnaa/sugnaa-women-printed-long-sleeves-crop-t-shirt-/40851933/buy,"https://assets.myntassets.com/h_720,q_90,w_540/v1/assets/images/2026/MARCH/23/C35ocTTX_e8ba2a09841a4f0292b16685073b5455.jpg",female,half sleeve
https://www.myntra.com/tops/stylecast+x+revolte/stylecast-x-revolte-women-long-sleeves-top/36157014/buy,"https://assets.myntassets.com/h_720,q_90,w_540/v1/assets/images/2025/AUGUST/1/qTadhJaw_780e8a0ce3af42c7964196e638be8fbf.jpg",female,half sleeve
https://www.myntra.com/tops/roadster/the-roadster-lifestyle-co-women-long-sleeves-crop-tops/31601616/buy,"https://assets.myntassets.com/h_720,q_90,w_540/v1/assets/images/2024/NOVEMBER/12/dOVYxBwL_71c00c357bf94474a8bd3f8619f66181.jpg",female,half sleeve
https://www.myntra.com/tops/stylecast/stylecast-women-solid-long-sleeves-crop-top/31319812/buy,"https://assets.myntassets.com/h_720,q_90,w_540/v1/assets/images/2025/APRIL/24/OtPCXRnJ_79d7501302f5407ab548d195c802ac5b.jpg",female,half sleeve
https://www.myntra.com/tshirts/dillinger/dillinger-women-typography-printed-round-neck-cotton-t-shirt/30699718/buy,"https://assets.myntassets.com/h_720,q_90,w_540/v1/assets/images/2024/AUGUST/23/8BW7jXiW_7ddaa9b6d93342ba8a8991b3f9624e8b.jpg",female,half sleeve
https://www.myntra.com/tshirts/the+souled+store/the-souled-store-women-chip-and-dale--printed-drop-shoulder-sleeves-t-shirt/40850174/buy,"https://assets.myntassets.com/h_720,q_90,w_540/v1/assets/images/2026/MARCH/23/Kei7dxnb_71e41f8179e246e7a6e5720a800e525d.jpg",female,half sleeve
https://www.myntra.com/tshirts/hrx+by+hrithik+roshan/hrx-by-hrithik-roshan-women-typography-printed-high-neck-sports-t-shirt/35988147/buy,"https://assets.myntassets.com/h_720,q_90,w_540/v1/assets/images/35988147/2025/7/29/312be990-8471-45a3-bb0e-5914286a87e21753762111886-HRX-by-Hrithik-Roshan-Women-Tshirts-7881753762111159-1.jpg",female,half sleeve
https://www.myntra.com/tops/espyr+by+tokyo+talkies/espyr-by-tokyo-talkies-women-long-sleeves-fitted-zip-top-top/35069393/buy,"https://assets.myntassets.com/h_720,q_90,w_540/v1/assets/images/2025/JUNE/20/befnU5Z6_8ea399a50d08483ba443a4e5ca04c6ee.jpg",female,half sleeve
https://www.myntra.com/tops/stylecast+x+revolte/stylecast-x-revolte-women-solid-long-sleeves-regular-top/33943325/buy,"https://assets.myntassets.com/h_720,q_90,w_540/v1/assets/images/2025/MAY/5/yyreNeSW_f2c3b91373e14e31b7d1251e38319296.jpg",female,half sleeve
https://www.myntra.com/tops/stylecast+x+revolte/stylecast-x-revolte-women-striped-long-sleeves-top/31616572/buy,"https://assets.myntassets.com/h_720,q_90,w_540/v1/assets/images/2025/APRIL/23/hp3UcrYT_73235a91ff044404b035e8f448d251b0.jpg",female,half sleeve
https://www.myntra.com/tops/happiness+istanbul/happiness-istanbul-women-striped-long-sleeves-crop-top/33660521/buy,"https://assets.myntassets.com/h_720,q_90,w_540/v1/assets/images/2025/APRIL/24/JwK8QWR1_f7a31c012b7c4cbfb58ae36cd20da874.jpg",female,half sleeve
https://www.myntra.com/tops/stylecast+x+revolte/stylecast-x-revolte-women-solid-long-sleeves-top/36006670/buy,"https://assets.myntassets.com/h_720,q_90,w_540/v1/assets/images/2025/JULY/26/9Kl4YpEA_bad170935445450ebeae7c8a89572918.jpg",female,half sleeve
https://www.myntra.com/tops/trendyol/trendyol-women-long-sleeves-top/36702776/buy,"https://assets.myntassets.com/h_720,q_90,w_540/v1/assets/images/2025/OCTOBER/18/9jtzNhG5_949f2ce820bf437f9455abc21e8d4122.jpg",female,half sleeve
https://www.myntra.com/tops/stylecast/stylecast-women-long-sleeves-crop-top/31365388/buy,"https://assets.myntassets.com/h_720,q_90,w_540/v1/assets/images/2025/APRIL/22/kJwPkriU_f55d6f7bbacb47aca5dd06726108d54e.jpg",female,half sleeve
https://www.myntra.com/tops/mayra/mayra-women-long-sleeves-crop-top/31901222/buy,"https://assets.myntassets.com/h_720,q_90,w_540/v1/assets/images/2024/DECEMBER/9/1pD1ZruE_961b2bdc5c3a426a8a38f29ca3c66554.jpg",female,half sleeve
https://www.myntra.com/lounge-tshirts/blossom/blossom-women-striped-long-sleeves-lounge-tshirts/31219190/buy,"https://assets.myntassets.com/h_720,q_90,w_540/v1/assets/images/2024/OCTOBER/4/lLjsriQN_bd00b3bbad3e46dca0e12ae3019a073e.jpg",female,half sleeve
https://www.myntra.com/tshirts/dillinger/dillinger-women-solid-round-neck-regular-fit-t-shirt/37214247/buy,"https://assets.myntassets.com/h_720,q_90,w_540/v1/assets/images/2025/OCTOBER/10/SaAVqiK7_5ffee081c512441aa25cea6864e207c1.jpg",female,half sleeve
https://www.myntra.com/tops/trendyol/trendyol-women-embroidered-long-sleeves-top/37471510/buy,"https://assets.myntassets.com/h_720,q_90,w_540/v1/assets/images/2025/OCTOBER/14/Obki6M1B_c34509c1d2a543689a73c21458bbf55e.jpg",female,half sleeve
https://www.myntra.com/tshirts/hrx+by+hrithik+roshan/hrx-by-hrithik-roshan-women-white-solid-round-neck-t-shirt/10565472/buy,"https://assets.myntassets.com/h_720,q_90,w_540/v1/assets/images/10565472/2019/10/12/c10d2db4-7e95-469a-ae4f-f0ffe567f5621570864431335-HRX-by-Hrithik-Roshan-Women-Tshirts-9511570864429441-1.jpg",female,half sleeve
https://www.myntra.com/tops/leriya+fashion/leriya-fashion-women-long-sleeves-tops/36858920/buy,"https://assets.myntassets.com/h_720,q_90,w_540/v1/assets/images/2026/APRIL/20/MqXW7nRp_cc5f6afd051e4fbb9095f21cee97d1da.jpg",female,half sleeve
https://www.myntra.com/tops/madame/madame-women-solid-long-sleeves-top/31570451/buy,"https://assets.myntassets.com/h_720,q_90,w_540/v1/assets/images/2024/NOVEMBER/7/1fBkwWhD_0aca940bd8c743009d09e1cffeebb633.jpg",female,half sleeve
https://www.myntra.com/tshirts/sugnaa/sugnaa-women-printed-long-sleeves-crop-t-shirt-/40851931/buy,"https://assets.myntassets.com/h_720,q_90,w_540/v1/assets/images/2026/MARCH/23/psVLJbcY_a9655e2d53b845609f6ce59a6ce035f6.jpg",female,half sleeve
https://www.myntra.com/tops/suo/suo-women-red-long-sleeves-lace-trim-tops/40609901/buy,"https://assets.myntassets.com/h_720,q_90,w_540/v1/assets/images/2026/MARCH/16/Phsc4vSv_584073bf55834e3d94d3d8f77f7c319c.jpg",female,half sleeve
https://www.myntra.com/tshirts/sugnaa/sugnaa-women-printed-long-sleeves-crop-t-shirt-/40851933/buy,"https://assets.myntassets.com/h_720,q_90,w_540/v1/assets/images/2026/MARCH/23/C35ocTTX_e8ba2a09841a4f0292b16685073b5455.jpg",female,half sleeve
https://www.myntra.com/tops/stylecast+x+revolte/stylecast-x-revolte-women-long-sleeves-top/36157014/buy,"https://assets.myntassets.com/h_720,q_90,w_540/v1/assets/images/2025/AUGUST/1/qTadhJaw_780e8a0ce3af42c7964196e638be8fbf.jpg",female,half sleeve
https://www.myntra.com/tops/roadster/the-roadster-lifestyle-co-women-long-sleeves-crop-tops/31601616/buy,"https://assets.myntassets.com/h_720,q_90,w_540/v1/assets/images/2024/NOVEMBER/12/dOVYxBwL_71c00c357bf94474a8bd3f8619f66181.jpg",female,half sleeve
https://www.myntra.com/tops/stylecast/stylecast-women-solid-long-sleeves-crop-top/31319812/buy,"https://assets.myntassets.com/h_720,q_90,w_540/v1/assets/images/2025/APRIL/24/OtPCXRnJ_79d7501302f5407ab548d195c802ac5b.jpg",female,half sleeve
https://www.myntra.com/tshirts/dillinger/dillinger-women-typography-printed-round-neck-cotton-t-shirt/30699718/buy,"https://assets.myntassets.com/h_720,q_90,w_540/v1/assets/images/2024/AUGUST/23/8BW7jXiW_7ddaa9b6d93342ba8a8991b3f9624e8b.jpg",female,half sleeve
https://www.myntra.com/tshirts/the+souled+store/the-souled-store-women-chip-and-dale--printed-drop-shoulder-sleeves-t-shirt/40850174/buy,"https://assets.myntassets.com/h_720,q_90,w_540/v1/assets/images/2026/MARCH/23/Kei7dxnb_71e41f8179e246e7a6e5720a800e525d.jpg",female,half sleeve
https://www.myntra.com/tshirts/hrx+by+hrithik+roshan/hrx-by-hrithik-roshan-women-typography-printed-high-neck-sports-t-shirt/35988147/buy,"https://assets.myntassets.com/h_720,q_90,w_540/v1/assets/images/35988147/2025/7/29/312be990-8471-45a3-bb0e-5914286a87e21753762111886-HRX-by-Hrithik-Roshan-Women-Tshirts-7881753762111159-1.jpg",female,half sleeve
https://www.myntra.com/tops/espyr+by+tokyo+talkies/espyr-by-tokyo-talkies-women-long-sleeves-fitted-zip-top-top/35069393/buy,"https://assets.myntassets.com/h_720,q_90,w_540/v1/assets/images/2025/JUNE/20/befnU5Z6_8ea399a50d08483ba443a4e5ca04c6ee.jpg",female,half sleeve
https://www.myntra.com/tops/stylecast+x+revolte/stylecast-x-revolte-women-solid-long-sleeves-regular-top/33943325/buy,"https://assets.myntassets.com/h_720,q_90,w_540/v1/assets/images/2025/MAY/5/yyreNeSW_f2c3b91373e14e31b7d1251e38319296.jpg",female,half sleeve
https://www.myntra.com/tops/stylecast+x+revolte/stylecast-x-revolte-women-striped-long-sleeves-top/31616572/buy,"https://assets.myntassets.com/h_720,q_90,w_540/v1/assets/images/2025/APRIL/23/hp3UcrYT_73235a91ff044404b035e8f448d251b0.jpg",female,half sleeve
https://www.myntra.com/tops/happiness+istanbul/happiness-istanbul-women-striped-long-sleeves-crop-top/33660521/buy,"https://assets.myntassets.com/h_720,q_90,w_540/v1/assets/images/2025/APRIL/24/JwK8QWR1_f7a31c012b7c4cbfb58ae36cd20da874.jpg",female,half sleeve
https://www.myntra.com/tops/stylecast+x+revolte/stylecast-x-revolte-women-solid-long-sleeves-top/36006670/buy,"https://assets.myntassets.com/h_720,q_90,w_540/v1/assets/images/2025/JULY/26/9Kl4YpEA_bad170935445450ebeae7c8a89572918.jpg",female,half sleeve
https://www.myntra.com/tops/trendyol/trendyol-women-long-sleeves-top/36702776/buy,"https://assets.myntassets.com/h_720,q_90,w_540/v1/assets/images/2025/OCTOBER/18/9jtzNhG5_949f2ce820bf437f9455abc21e8d4122.jpg",female,half sleeve
https://www.myntra.com/tops/mayra/mayra-women-long-sleeves-crop-top/31901222/buy,"https://assets.myntassets.com/h_720,q_90,w_540/v1/assets/images/2024/DECEMBER/9/1pD1ZruE_961b2bdc5c3a426a8a38f29ca3c66554.jpg",female,half sleeve
https://www.myntra.com/tops/stylecast/stylecast-women-long-sleeves-crop-top/31365388/buy,"https://assets.myntassets.com/h_720,q_90,w_540/v1/assets/images/2025/APRIL/22/kJwPkriU_f55d6f7bbacb47aca5dd06726108d54e.jpg",female,half sleeve
https://www.myntra.com/tshirts/nobero/nobero-women-typography-printed-round-neck-cotton-t-shirt/40976052/buy,"https://assets.myntassets.com/h_720,q_90,w_540/v1/assets/images/2026/APRIL/6/t2sSgX5x_f5f5f18c91c247229182d6a3fdb3b8d0.jpg",female,full sleeve
https://www.myntra.com/tshirts/nautica/nautica-polo-collar-slim-fit-t-shirt/38058726/buy,"https://assets.myntassets.com/h_720,q_90,w_540/v1/assets/images/2026/APRIL/15/4NF7RFVb_fbe22bd6edc449558995185a17b6d3bd.jpg",female,full sleeve
https://www.myntra.com/tshirts/nautica/nautica-slim-fit-polo-collar-t-shirt/38058750/buy,"https://assets.myntassets.com/h_720,q_90,w_540/v1/assets/images/2026/APRIL/15/LaLyg22d_882d8281325b4bd480e8411402479e3c.jpg",female,full sleeve
https://www.myntra.com/lounge-tshirts/dreamz+by+pantaloons/dreamz-by-pantaloons-women-printed-round-neck-cotton-lounge-t-shirt/36743811/buy,"https://assets.myntassets.com/h_720,q_90,w_540/v1/assets/images/2025/SEPTEMBER/3/ahMybsoU_d1b7f6a540b146248f1bc8c0e183af92.jpg",female,full sleeve
https://www.myntra.com/tshirts/nautica/nautica-polo-collar-slim-fit-t-shirt/38058726/buy,"https://assets.myntassets.com/h_720,q_90,w_540/v1/assets/images/2026/APRIL/15/4NF7RFVb_fbe22bd6edc449558995185a17b6d3bd.jpg",female,full sleeve
https://www.myntra.com/tshirts/nobero/nobero-women-typography-printed-round-neck-cotton-t-shirt/40976052/buy,"https://assets.myntassets.com/h_720,q_90,w_540/v1/assets/images/2026/APRIL/6/t2sSgX5x_f5f5f18c91c247229182d6a3fdb3b8d0.jpg",female,full sleeve
https://www.myntra.com/tshirts/nautica/nautica-slim-fit-polo-collar-t-shirt/38058750/buy,"https://assets.myntassets.com/h_720,q_90,w_540/v1/assets/images/2026/APRIL/15/LaLyg22d_882d8281325b4bd480e8411402479e3c.jpg",female,full sleeve
https://www.myntra.com/lounge-tshirts/dreamz+by+pantaloons/dreamz-by-pantaloons-women-printed-round-neck-cotton-lounge-t-shirt/36743811/buy,"https://assets.myntassets.com/h_720,q_90,w_540/v1/assets/images/2025/SEPTEMBER/3/ahMybsoU_d1b7f6a540b146248f1bc8c0e183af92.jpg",female,full sleeve
https://www.myntra.com/tshirts/nobero/nobero-women-typography-printed-round-neck-cotton-t-shirt/40976052/buy,"https://assets.myntassets.com/h_720,q_90,w_540/v1/assets/images/2026/APRIL/6/t2sSgX5x_f5f5f18c91c247229182d6a3fdb3b8d0.jpg",female,full sleeve
https://www.myntra.com/tshirts/nautica/nautica-polo-collar-slim-fit-t-shirt/38058726/buy,"https://assets.myntassets.com/h_720,q_90,w_540/v1/assets/images/2026/APRIL/15/4NF7RFVb_fbe22bd6edc449558995185a17b6d3bd.jpg",female,full sleeve
https://www.myntra.com/tshirts/nautica/nautica-slim-fit-polo-collar-t-shirt/38058750/buy,"https://assets.myntassets.com/h_720,q_90,w_540/v1/assets/images/2026/APRIL/15/LaLyg22d_882d8281325b4bd480e8411402479e3c.jpg",female,full sleeve
https://www.myntra.com/lounge-tshirts/dreamz+by+pantaloons/dreamz-by-pantaloons-women-printed-round-neck-cotton-lounge-t-shirt/36743811/buy,"https://assets.myntassets.com/h_720,q_90,w_540/v1/assets/images/2025/SEPTEMBER/3/ahMybsoU_d1b7f6a540b146248f1bc8c0e183af92.jpg",female,full sleeve
https://www.myntra.com/tshirts/nautica/nautica-polo-collar-slim-fit-t-shirt/38058726/buy,"https://assets.myntassets.com/h_720,q_90,w_540/v1/assets/images/2026/APRIL/15/4NF7RFVb_fbe22bd6edc449558995185a17b6d3bd.jpg",female,full sleeve
https://www.myntra.com/tshirts/nobero/nobero-women-typography-printed-round-neck-cotton-t-shirt/40976052/buy,"https://assets.myntassets.com/h_720,q_90,w_540/v1/assets/images/2026/APRIL/6/t2sSgX5x_f5f5f18c91c247229182d6a3fdb3b8d0.jpg",female,full sleeve
https://www.myntra.com/tshirts/nautica/nautica-slim-fit-polo-collar-t-shirt/38058750/buy,"https://assets.myntassets.com/h_720,q_90,w_540/v1/assets/images/2026/APRIL/15/LaLyg22d_882d8281325b4bd480e8411402479e3c.jpg",female,full sleeve
https://www.myntra.com/lounge-tshirts/dreamz+by+pantaloons/dreamz-by-pantaloons-women-printed-round-neck-cotton-lounge-t-shirt/36743811/buy,"https://assets.myntassets.com/h_720,q_90,w_540/v1/assets/images/2025/SEPTEMBER/3/ahMybsoU_d1b7f6a540b146248f1bc8c0e183af92.jpg",female,full sleeve
https://www.myntra.com/tshirts/nobero/nobero-women-typography-printed-round-neck-cotton-t-shirt/40976052/buy,"https://assets.myntassets.com/h_720,q_90,w_540/v1/assets/images/2026/APRIL/6/t2sSgX5x_f5f5f18c91c247229182d6a3fdb3b8d0.jpg",female,full sleeve
https://www.myntra.com/tshirts/nautica/nautica-polo-collar-slim-fit-t-shirt/38058726/buy,"https://assets.myntassets.com/h_720,q_90,w_540/v1/assets/images/2026/APRIL/15/4NF7RFVb_fbe22bd6edc449558995185a17b6d3bd.jpg",female,full sleeve
https://www.myntra.com/tshirts/nautica/nautica-slim-fit-polo-collar-t-shirt/38058750/buy,"https://assets.myntassets.com/h_720,q_90,w_540/v1/assets/images/2026/APRIL/15/LaLyg22d_882d8281325b4bd480e8411402479e3c.jpg",female,full sleeve
https://www.myntra.com/tshirts/nobero/nobero-women-typography-printed-round-neck-cotton-t-shirt/40976052/buy,"https://assets.myntassets.com/h_720,q_90,w_540/v1/assets/images/2026/APRIL/6/t2sSgX5x_f5f5f18c91c247229182d6a3fdb3b8d0.jpg",female,full sleeve
https://www.myntra.com/tshirts/nautica/nautica-polo-collar-slim-fit-t-shirt/38058726/buy,"https://assets.myntassets.com/h_720,q_90,w_540/v1/assets/images/2026/APRIL/15/4NF7RFVb_fbe22bd6edc449558995185a17b6d3bd.jpg",female,full sleeve
https://www.myntra.com/tops/glitchez/ribbed-chic-off-shoulder-crop-top/31449527/buy,"https://assets.myntassets.com/h_720,q_90,w_540/v1/assets/images/2025/OCTOBER/13/A3IRzu3W_bffed148ca4a4bcea13c9334a8a2189e.jpg",female,full sleeve
https://www.myntra.com/tshirts/nautica/nautica-slim-fit-polo-collar-t-shirt/38058750/buy,"https://assets.myntassets.com/h_720,q_90,w_540/v1/assets/images/2026/APRIL/15/LaLyg22d_882d8281325b4bd480e8411402479e3c.jpg",female,full sleeve
https://www.myntra.com/tshirts/nobero/nobero-women-typography-printed-round-neck-cotton-t-shirt/40976052/buy,"https://assets.myntassets.com/h_720,q_90,w_540/v1/assets/images/2026/APRIL/6/t2sSgX5x_f5f5f18c91c247229182d6a3fdb3b8d0.jpg",female,full sleeve
https://www.myntra.com/tshirts/nautica/nautica-polo-collar-slim-fit-t-shirt/38058726/buy,"https://assets.myntassets.com/h_720,q_90,w_540/v1/assets/images/2026/APRIL/15/4NF7RFVb_fbe22bd6edc449558995185a17b6d3bd.jpg",female,full sleeve
https://www.myntra.com/tshirts/hrx+by+hrithik+roshan/hrx-by-hrithik-roshan-women-black-net-cotton-t-shirt/8379277/buy,"https://assets.myntassets.com/h_720,q_90,w_540/v1/assets/images/8379277/2022/6/1/df3c3be5-900b-4088-b700-ec1341e19b9e1654084582681-HRX-by-Hrithik-Roshan-Women-Black-Net-Cotton-T-shirt-2816540-1.jpg",female,full sleeve
https://www.myntra.com/lounge-tshirts/dreamz+by+pantaloons/dreamz-by-pantaloons-printed-lounge-tshirts/39681796/buy,"https://assets.myntassets.com/h_720,q_90,w_540/v1/assets/images/2026/JANUARY/29/UNAerR1r_4d510f5c07014690b2eb5717c08f9678.jpg",female,full sleeve
https://www.myntra.com/tshirts/nautica/nautica-slim-fit-polo-collar-t-shirt/38058750/buy,"https://assets.myntassets.com/h_720,q_90,w_540/v1/assets/images/2026/APRIL/15/LaLyg22d_882d8281325b4bd480e8411402479e3c.jpg",female,full sleeve
https://www.myntra.com/tops/clobug/clobug-women-net-fitted-crop-top/35020637/buy,"https://assets.myntassets.com/h_720,q_90,w_540/v1/assets/images/2025/JUNE/18/yGGlmsc9_5ac3a85b9fc8476e9b2c113187d3f22e.jpg",female,full sleeve
https://www.myntra.com/tshirts/nobero/nobero-women-typography-printed-round-neck-cotton-t-shirt/40976052/buy,"https://assets.myntassets.com/h_720,q_90,w_540/v1/assets/images/2026/APRIL/6/t2sSgX5x_f5f5f18c91c247229182d6a3fdb3b8d0.jpg",female,full sleeve
